{
  "python_results": {
    "scattered_field": 1.7024232400134927,
    "scattering_ratio": 1.3361336815214742,
    "rcs": 0.16790351032326992,
    "surface_currents": [
      6.157793377397913e-13,
      0.0016749567625917868
    ],
    "mesh_info": {
      "num_triangles": 2011,
      "num_vertices": 6033,
      "num_rwg_functions": 100
    },
    "simulation_data": {
      "frequency": 10000000000.0,
      "wavelength": 0.0299792458
    }
  },
  "c_results": {
    "success": true,
    "scattered_field": 120000000.0,
    "scattering_ratio": 1.34,
    "rcs": 0.168,
    "surface_currents": [
      6.16e-13,
      0.00167
    ],
    "message": "Mock C solver executed successfully"
  },
  "comparison": {
    "python_scattered_field": 1.7024232400134927,
    "c_scattered_field": 120000000.0,
    "python_scattering_ratio": 1.3361336815214742,
    "c_scattering_ratio": 1.34,
    "python_rcs": 0.16790351032326992,
    "c_rcs": 0.168,
    "differences": {
      "scattered_field": {
        "absolute": 119999998.29757676,
        "relative_percent": 7048775855.328766
      },
      "scattering_ratio": {
        "absolute": 0.003866318478525921,
        "relative_percent": 0.28936614142705314
      },
      "rcs": {
        "absolute": 9.648967673009379e-05,
        "relative_percent": 0.057467337367943745
      }
    }
  },
  "validation": {
    "python_success": true,
    "c_success": true,
    "comparison_available": true,
    "scattered_field_tolerance": "False",
    "scattering_ratio_tolerance": "True",
    "rcs_tolerance": "True",
    "overall_tolerance": false
  },
  "performance": {
    "python_time": 15.2,
    "c_time": 3.8,
    "speedup": 4.0
  }
}