{
  "stl": {
    "file_size": 18111674,
    "facet_count": 72402,
    "format": "ASCII",
    "first_lines": [
      "solid ZHB-LBX-ASM_ASM/XYWBAN-ZHANKAI_ASM/TKE2-3_ASM/TKE202-3:TKE202-3",
      "  facet normal -9.553418e-01 4.210624e-15 -1.666667e-01",
      "    outer loop",
      "      vertex 8.444485e+02 8.785886e+02 5.286250e+02",
      "      vertex 8.447500e+02 8.830886e+02 5.275000e+02",
      "      vertex 8.447500e+02 8.785886e+02 5.275000e+02",
      "    endloop",
      "  endfacet",
      "  facet normal -9.106836e-01 4.046146e-15 -3.333333e-01",
      "    outer loop"
    ]
  },
  "geometry": {
    "facets": 42,
    "vertices": 126,
    "bounds": {
      "x": [
        0.6451089,
        0.8952725
      ],
      "y": [
        0.052829549999999996,
        0.20800000000000002
      ],
      "z": [
        0.22629490000000002,
        0.30576
      ]
    },
    "dimensions": [
      0.25016360000000004,
      0.15517045000000002,
      0.07946509999999996
    ],
    "area_stats": {
      "min": 5.307814999995121e-09,
      "max": 6.883181999999964e-05,
      "avg": 1.922648745348037e-06
    }
  },
  "mesh": {
    "translation": "[ 0.    0.   -0.55]",
    "bounds_after_translation": {
      "x": [
        0.6451089,
        0.8952725
      ],
      "y": [
        0.052829549999999996,
        0.20800000000000002
      ],
      "z": [
        -0.3237051,
        -0.24424000000000007
      ]
    },
    "num_triangles": 42
  },
  "rwg": {
    "num_basis_functions": 20,
    "edge_length_stats": {
      "min": 0.001871892430578066,
      "max": 0.0484577017709168,
      "avg": 0.018977093653269793
    },
    "area_stats": {
      "min": 5.307814999995121e-09,
      "max": 6.883181999999964e-05,
      "avg": 1.9872092446936415e-06
    },
    "triangles_with_data": 20
  },
  "source": {
    "source_angle": [
      45.0,
      45.0,
      45.0
    ],
    "incident_field_length": 20,
    "incident_field_range": [
      0.0018684692854879562,
      0.04014433152035499
    ],
    "k_vector": "[0.5        0.5        0.70710678]"
  },
  "observation": {
    "num_points": 540,
    "bounds": {
      "x": [
        -1.936079059142297,
        1.969615506024416
      ],
      "y": [
        -1.9612134735091495,
        1.9612134735091493
      ],
      "z": [
        -2.0,
        2.0
      ]
    },
    "surrounds_satellite": "True"
  },
  "matrix": {
    "shape": [
      20,
      20
    ],
    "computation_time": 0.003000497817993164,
    "condition_number": 592252470626.9777,
    "element_range": [
      33.65096210685344,
      51215.2030936184
    ],
    "has_nan": "False",
    "has_inf": "False"
  },
  "em_calculation": {
    "surface_currents_length": 20,
    "current_range": [
      1836.439973036481,
      34836.422859241866
    ],
    "scattered_fields_length": 540,
    "field_range": [
      859795.4407661064,
      102971941.0212623
    ],
    "scattering_ratio": 102971941.02126227,
    "max_incident_field": 1.0000000000000002,
    "max_scattered_field": 102971941.0212623
  }
}